SNP,Chr,Pos,P.value,MAF,nobs,H&B.P.Value,Effect
Chr1_10000715,1,10000715,0.207335160290519,0.136842105263158,95,0.994168775561055,-0.0425289521032227
Chr1_10005318,1,10005318,0.31316774182909,0.463157894736842,95,0.994168775561055,-0.0212257932657179
Chr1_10006300,1,10006300,0.120943573304186,0.0947368421052631,95,0.994168775561055,0.0448017146839492
Chr1_10006415,1,10006415,0.296554103997983,0.147368421052632,95,0.994168775561055,0.0352478260699337
Chr1_10007198,1,10007198,0.204080411892875,0.357894736842105,95,0.994168775561055,0.0243817454120755
Chr1_10007458,1,10007458,0.0856581166683142,0.484210526315789,95,0.994168775561055,0.0327014689884352
Chr1_10007512,1,10007512,0.229191109099699,0.2,95,0.994168775561055,-0.0282658959328165
Chr1_10007689,1,10007689,0.1589126882821,0.189473684210526,95,0.994168775561055,-0.0337593343519039
Chr1_10007843,1,10007843,0.285325534665758,0.178947368421053,95,0.994168775561055,-0.0279214029066333
Chr1_10008355,1,10008355,0.0414699040551567,0.147368421052632,95,0.994168775561055,0.0561157955522415
Chr1_10009270,1,10009270,0.424363871362592,0.2,95,0.994168775561055,-0.0186209863718397
Chr1_10011755,1,10011755,0.369023599058409,0.0842105263157895,95,0.994168775561055,-0.030855927714144
Chr1_10012673,1,10012673,0.369023599058409,0.0842105263157895,95,0.994168775561055,-0.030855927714144
Chr1_10013082,1,10013082,0.369023599058409,0.0842105263157895,95,0.994168775561055,-0.030855927714144
Chr1_10013784,1,10013784,0.415922413243286,0.0947368421052631,95,0.994168775561055,-0.0264226364902099
Chr1_10015003,1,10015003,0.234014571159063,0.105263157894737,95,0.994168775561055,-0.0390092455462623
Chr1_10015680,1,10015680,0.274329030195513,0.0736842105263158,95,0.994168775561055,0.0375247636926814
Chr1_10019625,1,10019625,0.440201472405377,0.0210526315789473,95,0.994168775561055,-0.0497891540102571
Chr1_10020293,1,10020293,0.0668610464120703,0.357894736842105,95,0.994168775561055,0.0378422883130185
Chr1_10020434,1,10020434,0.274019671115175,0.336842105263158,95,0.994168775561055,0.0235601137099244
