SNP,Chr,Pos,P.value,MAF,nobs,H&B.P.Value,Effect
Chr1_10012964,1,10012964,0.0662035145151581,0.0734463276836158,177,0.974107194381198,-0.141415454387193
Chr1_10015003,1,10015003,0.136384361247195,0.11864406779661,177,0.974107194381198,0.084383861103844
Chr1_10019483,1,10019483,0.104735174822784,0.192090395480226,177,0.974107194381198,0.07670440513759
Chr1_10025934,1,10025934,0.135873268163032,0.305084745762712,177,0.974107194381198,-0.0629276089329279
Chr1_10026263,1,10026263,0.133118978706267,0.299435028248588,177,0.974107194381198,0.0611341240635042
Chr1_10030436,1,10030436,0.0923816139561942,0.0847457627118644,177,0.974107194381198,-0.110845296932044
Chr1_10042290,1,10042290,0.123704045382506,0.27683615819209,177,0.974107194381198,0.0645255298133796
Chr1_10044422,1,10044422,0.120119827713286,0.27683615819209,177,0.974107194381198,0.0641594308916576
Chr1_10048042,1,10048042,0.0237671268994249,0.485875706214689,177,0.974107194381198,-0.0832546069250695
Chr1_10066049,1,10066049,0.0427054469015148,0.19774011299435,177,0.974107194381198,0.0985191178798784
Chr1_10070547,1,10070547,0.0109317899909107,0.463276836158192,177,0.974107194381198,0.0978834809494016
Chr1_10070908,1,10070908,0.0463827098215541,0.412429378531073,177,0.974107194381198,0.0769642654293868
Chr1_10071506,1,10071506,0.067159367757151,0.474576271186441,177,0.974107194381198,0.0710372675141637
Chr1_10071661,1,10071661,0.00594378747784118,0.395480225988701,177,0.974107194381198,0.108087655840753
Chr1_10071753,1,10071753,0.00343275213078579,0.406779661016949,177,0.974107194381198,0.114346253491005
Chr1_10075574,1,10075574,0.0135006970154214,0.107344632768362,177,0.974107194381198,-0.146832048773127
Chr1_10075593,1,10075593,0.0651699039646426,0.19774011299435,177,0.974107194381198,-0.087684372976424
Chr1_10075837,1,10075837,0.132581814623764,0.180790960451977,177,0.974107194381198,-0.0739684914510543
Chr1_10076346,1,10076346,0.068352832217403,0.225988700564972,177,0.974107194381198,-0.0809916216589689
Chr1_10076461,1,10076461,0.0297615965547357,0.214689265536723,177,0.974107194381198,-0.0997077198365124
