SNP,Chr,Pos,P.value,MAF,nobs,H&B.P.Value,Effect
Chr1_10000715,1,10000715,0.0562373023432403,0.108571428571429,175,0.997552381920916,-0.636148043660219
Chr1_10002088,1,10002088,0.421027503321162,0.371428571428571,175,0.997552381920916,0.143347851992242
Chr1_10003346,1,10003346,0.317870156767793,0.445714285714286,175,0.997552381920916,-0.171943841869739
Chr1_10005318,1,10005318,0.246777548037631,0.394285714285714,175,0.997552381920916,-0.215970356169456
Chr1_10006300,1,10006300,0.437804881153684,0.125714285714286,175,0.997552381920916,-0.188145487651735
Chr1_10006415,1,10006415,0.0439144992866337,0.102857142857143,175,0.997552381920916,0.645150583240093
Chr1_10007198,1,10007198,0.0431009198475985,0.32,175,0.997552381920916,-0.358189953229368
Chr1_10007458,1,10007458,0.184529977894263,0.411428571428571,175,0.997552381920916,-0.232065867130409
Chr1_10007512,1,10007512,0.550774408526812,0.234285714285714,175,0.997552381920916,0.118657868849328
Chr1_10007689,1,10007689,0.253570620368681,0.205714285714286,175,0.997552381920916,0.236168692142997
Chr1_10007843,1,10007843,0.500903015461541,0.148571428571429,175,0.997552381920916,0.167152940884471
Chr1_10010413,1,10010413,0.277184170336031,0.36,175,0.997552381920916,-0.201985245668739
Chr1_10011504,1,10011504,0.0697853813652749,0.108571428571429,175,0.997552381920916,-0.554884687754356
Chr1_10011755,1,10011755,0.608804582611125,0.0914285714285714,175,0.997552381920916,0.158461327365082
Chr1_10012992,1,10012992,0.217115490416221,0.217142857142857,175,0.997552381920916,-0.252718836096663
Chr1_10013784,1,10013784,0.571081094143399,0.125714285714286,175,0.997552381920916,0.14611426574627
Chr1_10014780,1,10014780,0.632591118714797,0.12,175,0.997552381920916,0.11827094281496
Chr1_10015003,1,10015003,0.369880145736376,0.108571428571429,175,0.997552381920916,-0.240483668346201
Chr1_10015388,1,10015388,0.40929496216918,0.108571428571429,175,0.997552381920916,-0.238900182090811
Chr1_10015657,1,10015657,0.415442293020077,0.377142857142857,175,0.997552381920916,-0.146320827139957
