SNP,Chr,Pos,P.value,MAF,nobs,H&B.P.Value,Effect
Chr3_11662863,3,11662863,7.9240414675395e-06,0.355670103092783,194,0.385515316562443,-4.66015856691536
Chr4_475865,4,475865,9.6304193390733e-06,0.27319587628866,194,0.385515316562443,-6.11348792415468
Chr4_6682595,4,6682595,5.55778508280794e-06,0.149484536082474,194,0.385515316562443,-6.36541250543049
Chr5_3188327,5,3188327,3.48879868642221e-06,0.252577319587629,194,0.385515316562443,-6.68394977318215
Chr5_6534390,5,6534390,6.0886896847599e-06,0.123711340206186,194,0.385515316562443,-9.42593717122685
Chr1_7793500,1,7793500,2.18271491919495e-05,0.164948453608247,194,0.450870502240342,-6.93735882418246
Chr4_15984726,4,15984726,2.08934731441915e-05,0.0721649484536082,194,0.450870502240342,-10.273306944855
Chr4_424108,4,424108,2.25260674097745e-05,0.381443298969072,194,0.450870502240342,-5.41352252912552
Chr5_14527175,5,14527175,1.83129900819098e-05,0.407216494845361,194,0.450870502240342,4.75315806629852
Chr5_14529635,5,14529635,2.01961001395901e-05,0.350515463917526,194,0.450870502240342,4.77020471966964
Chr1_19004437,1,19004437,2.59659891795204e-05,0.304123711340206,194,0.472474778566081,-5.2065614896026
Chr2_13144097,2,13144097,3.35467351007828e-05,0.206185567010309,194,0.506885148302199,-7.09514144099506
Chr3_14498400,3,14498400,3.79869462393294e-05,0.0463917525773195,194,0.506885148302199,-8.43357840664338
Chr3_2789582,3,2789582,3.76065181730883e-05,0.0670103092783505,194,0.506885148302199,-12.0029970556708
Chr4_429928,4,429928,3.2641313358038e-05,0.427835051546392,194,0.506885148302199,5.32248579138845
Chr1_7853431,1,7853431,5.26477741717487e-05,0.195876288659794,194,0.526885761967318,-6.42698468431957
Chr5_18600530,5,18600530,4.49206414259677e-05,0.45360824742268,194,0.526885761967318,4.21950636920765
Chr5_6538414,5,6538414,5.10255390284362e-05,0.118556701030928,194,0.526885761967318,-8.77288183499278
Chr5_6546053,5,6546053,5.10255390284362e-05,0.118556701030928,194,0.526885761967318,-8.77288183499278
Chr5_6685571,5,6685571,4.63076113926988e-05,0.134020618556701,194,0.526885761967318,-8.9615898544224
