SNP,Chr,Pos,P.value,MAF,nobs,H&B.P.Value,Effect
Chr2_2990590,2,2990590,9.54E-07,0.151162791,86,0.190866734,0.327801267
Chr1_1430179,1,1430179,6.00E-06,0.093023256,86,0.263174555,0.364207062
Chr2_3034268,2,3034268,5.98E-06,0.151162791,86,0.263174555,0.292460653
Chr5_13945171,5,13945171,9.20E-06,0.139534884,86,0.263174555,0.305132079
Chr5_21041671,5,21041671,6.67E-06,0.162790698,86,0.263174555,0.282251079
Chr5_21697730,5,21697730,5.28E-06,0.151162791,86,0.263174555,0.29162298
Chr5_2232651,5,2232651,8.72E-06,0.151162791,86,0.263174555,0.338931327
Chr4_783577,4,783577,1.14E-05,0.348837209,86,0.282408879,0.224777991
Chr5_20112353,5,20112353,1.27E-05,0.069767442,86,0.282408879,0.411271757
Chr3_9028198,3,9028198,1.45E-05,0.209302326,86,0.289753624,0.251223617
Chr5_13926517,5,13926517,1.60E-05,0.104651163,86,0.290663483,0.334630336
Chr5_13861340,5,13861340,1.80E-05,0.220930233,86,0.300865957,0.279458079
Chr1_10362968,1,10362968,2.83E-05,0.348837209,86,0.369852605,0.217500512
Chr1_4266002,1,4266002,2.93E-05,0.058139535,86,0.369852605,0.418619248
Chr4_771040,4,771040,2.68E-05,0.348837209,86,0.369852605,0.221642941
Chr4_774462,4,774462,2.96E-05,0.348837209,86,0.369852605,0.217395048
Chr1_1430239,1,1430239,4.22E-05,0.058139535,86,0.373169299,0.405040479
Chr2_3006959,2,3006959,4.31E-05,0.104651163,86,0.373169299,0.323456682
Chr3_17959689,3,17959689,4.47E-05,0.139534884,86,0.373169299,0.288219033
Chr3_8189587,3,8189587,3.44E-05,0.046511628,86,0.373169299,0.446453041