SNP,Chr,Pos,P.value,MAF,nobs,H&B.P.Value,Effect
Chr3_11018956,3,11018956,1.0539970324291e-06,0.203389830508475,177,0.210962776025846,-0.249963286234873
Chr1_10001699,1,10001699,0.203200644737838,0.327683615819209,177,0.978182931401282,0.0556975514114886
Chr1_10002088,1,10002088,0.301214124630774,0.372881355932203,177,0.978182931401282,0.0436388968584562
Chr1_10003346,1,10003346,0.0697660451894346,0.446327683615819,177,0.978182931401282,-0.0744155217663734
Chr1_10007512,1,10007512,0.215233206669479,0.23728813559322,177,0.978182931401282,0.0589337151382703
Chr1_10012964,1,10012964,0.218414292109205,0.0734463276836158,177,0.978182931401282,-0.098900409575462
Chr1_10014494,1,10014494,0.29528359562917,0.231638418079096,177,0.978182931401282,-0.0527045217967408
Chr1_10015657,1,10015657,0.22994907473127,0.384180790960452,177,0.978182931401282,-0.0507454337605939
Chr1_10022137,1,10022137,0.170955643432567,0.0451977401129944,177,0.978182931401282,-0.132514250158922
Chr1_10022160,1,10022160,0.26756629674237,0.485875706214689,177,0.978182931401282,-0.0454113990297071
Chr1_10023436,1,10023436,0.282481525370965,0.225988700564972,177,0.978182931401282,0.0523618635004368
Chr1_10023561,1,10023561,0.129478185664036,0.468926553672316,177,0.978182931401282,-0.0622215404297654
Chr1_10031505,1,10031505,0.138199528010017,0.418079096045198,177,0.978182931401282,0.0609658860555699
Chr1_10032598,1,10032598,0.157555638273465,0.412429378531073,177,0.978182931401282,0.05818933734508
Chr1_10038796,1,10038796,0.065750768523569,0.135593220338983,177,0.978182931401282,-0.109330598240905
Chr1_10049250,1,10049250,0.22909732196134,0.0903954802259888,177,0.978182931401282,0.0837223028656719
Chr1_100501,1,100501,0.202535431143675,0.463276836158192,177,0.978182931401282,0.0536742521325857
Chr1_10060206,1,10060206,0.207585672207273,0.355932203389831,177,0.978182931401282,0.0537347094502097
Chr1_10069294,1,10069294,0.0670513798680221,0.0621468926553672,177,0.978182931401282,-0.153688919883536
Chr1_10070661,1,10070661,0.275495865305769,0.135593220338983,177,0.978182931401282,0.0654371054688156
